<?xml version="1.0" encoding="UTF-8"?>
<GenRun Id="impl_1" LaunchPart="xc7a50tcsg324-1" LaunchTime="1744998350">
  <File Type="REPORTS-TCL" Name="top_lvl_aff_reports.tcl"/>
  <File Type="ROUTE-PWR-SUM" Name="top_lvl_aff_power_summary_routed.pb"/>
  <File Type="BITSTR-MMI" Name="top_lvl_aff.mmi"/>
  <File Type="OPT-DRC" Name="top_lvl_aff_drc_opted.rpt"/>
  <File Type="BG-DRC" Name="top_lvl_aff.drc"/>
  <File Type="ROUTE-STATUS-PB" Name="top_lvl_aff_route_status.pb"/>
  <File Type="BG-BGN" Name="top_lvl_aff.bgn"/>
  <File Type="PLACE-UTIL" Name="top_lvl_aff_utilization_placed.rpt"/>
  <File Type="PLACE-UTIL-PB" Name="top_lvl_aff_utilization_placed.pb"/>
  <File Type="PLACE-IO" Name="top_lvl_aff_io_placed.rpt"/>
  <File Type="BG-BIN" Name="top_lvl_aff.bin"/>
  <File Type="PLACE-CTRL" Name="top_lvl_aff_control_sets_placed.rpt"/>
  <File Type="ROUTE-PWR-RPX" Name="top_lvl_aff_power_routed.rpx"/>
  <File Type="ROUTE-DCP" Name="top_lvl_aff_routed.dcp"/>
  <File Type="BITSTR-MSK" Name="top_lvl_aff.msk"/>
  <File Type="BITSTR-RBT" Name="top_lvl_aff.rbt"/>
  <File Type="ROUTE-TIMINGSUMMARY" Name="top_lvl_aff_timing_summary_routed.rpt"/>
  <File Type="ROUTE-TIMING-RPX" Name="top_lvl_aff_timing_summary_routed.rpx"/>
  <File Type="ROUTE-STATUS" Name="top_lvl_aff_route_status.rpt"/>
  <File Type="PA-TCL" Name="top_lvl_aff.tcl"/>
  <File Type="ROUTE-PWR" Name="top_lvl_aff_power_routed.rpt"/>
  <File Type="ROUTE-DRC" Name="top_lvl_aff_drc_routed.rpt"/>
  <File Type="ROUTE-DRC-RPX" Name="top_lvl_aff_drc_routed.rpx"/>
  <File Type="ROUTE-DRC-PB" Name="top_lvl_aff_drc_routed.pb"/>
  <File Type="BITSTR-SYSDEF" Name="top_lvl_aff.sysdef"/>
  <File Type="ROUTE-METHODOLOGY-DRC" Name="top_lvl_aff_methodology_drc_routed.rpt"/>
  <File Type="ROUTE-METHODOLOGY-DRC-RPX" Name="top_lvl_aff_methodology_drc_routed.rpx"/>
  <File Type="BITSTR-LTX" Name="debug_nets.ltx"/>
  <File Type="BITSTR-LTX" Name="top_lvl_aff.ltx"/>
  <File Type="ROUTE-METHODOLOGY-DRC-PB" Name="top_lvl_aff_methodology_drc_routed.pb"/>
  <File Type="ROUTE-SIMILARITY" Name="top_lvl_aff_incremental_reuse_routed.rpt"/>
  <File Type="RDI-RDI" Name="top_lvl_aff.vdi"/>
  <File Type="ROUTE-CLK" Name="top_lvl_aff_clock_utilization_routed.rpt"/>
  <File Type="ROUTE-BUS-SKEW" Name="top_lvl_aff_bus_skew_routed.rpt"/>
  <File Type="ROUTE-BUS-SKEW-RPX" Name="top_lvl_aff_bus_skew_routed.rpx"/>
  <File Type="ROUTE-BUS-SKEW-PB" Name="top_lvl_aff_bus_skew_routed.pb"/>
  <File Type="POSTROUTE-PHYSOPT-TIMING" Name="top_lvl_aff_timing_summary_postroute_physopted.rpt"/>
  <File Type="POSTROUTE-PHYSOPT-TIMING-RPX" Name="top_lvl_aff_timing_summary_postroute_physopted.rpx"/>
  <File Type="POSTROUTE-PHYSOPT-TIMING-PB" Name="top_lvl_aff_timing_summary_postroute_physopted.pb"/>
  <File Type="POSTROUTE-PHYSOPT-BUS-SKEW" Name="top_lvl_aff_bus_skew_postroute_physopted.rpt"/>
  <File Type="POSTROUTE-PHYSOPT-BUS-SKEW-RPX" Name="top_lvl_aff_bus_skew_postroute_physopted.rpx"/>
  <File Type="BG-BIT" Name="top_lvl_aff.bit"/>
  <File Type="POSTROUTE-PHYSOPT-BUS-SKEW-PB" Name="top_lvl_aff_bus_skew_postroute_physopted.pb"/>
  <File Type="BITSTR-NKY" Name="top_lvl_aff.nky"/>
  <File Type="BITSTR-BMM" Name="top_lvl_aff_bd.bmm"/>
  <File Type="WBT-USG" Name="usage_statistics_webtalk.html"/>
  <File Type="OPT-HWDEF" Name="top_lvl_aff.hwdef"/>
  <File Type="PLACE-PRE-SIMILARITY" Name="top_lvl_aff_incremental_reuse_pre_placed.rpt"/>
  <File Type="ROUTE-ERROR-DCP" Name="top_lvl_aff_routed_error.dcp"/>
  <File Type="ROUTE-BLACKBOX-DCP" Name="top_lvl_aff_routed_bb.dcp"/>
  <File Type="ROUTE-TIMING-PB" Name="top_lvl_aff_timing_summary_routed.pb"/>
  <File Type="OPT-DCP" Name="top_lvl_aff_opt.dcp"/>
  <File Type="PLACE-DCP" Name="top_lvl_aff_placed.dcp"/>
  <File Type="PWROPT-DCP" Name="top_lvl_aff_pwropt.dcp"/>
  <File Type="POSTPLACE-PWROPT-DCP" Name="top_lvl_aff_postplace_pwropt.dcp"/>
  <File Type="PHYSOPT-DCP" Name="top_lvl_aff_physopt.dcp"/>
  <File Type="POSTROUTE-PHYSOPT-DCP" Name="top_lvl_aff_postroute_physopt.dcp"/>
  <File Type="POSTROUTE-PHYSOPT-BLACKBOX-DCP" Name="top_lvl_aff_postroute_physopt_bb.dcp"/>
  <File Type="PDI-FILE" Name="top_lvl_aff.pdi"/>
  <File Type="RCFI_FILE" Name="top_lvl_aff.rcfi"/>
  <File Type="CFI_FILE" Name="top_lvl_aff.cfi"/>
  <File Type="RNPI_FILE" Name="top_lvl_aff.rnpi"/>
  <File Type="NPI_FILE" Name="top_lvl_aff.npi"/>
  <File Type="RBD_FILE" Name="top_lvl_aff.rbd"/>
  <File Type="ROUTE-RQS" Name="top_lvl_aff_routed.rqs"/>
  <File Type="POSTROUTE-PHYSOPT-RQS" Name="top_lvl_aff_postroute_physopted.rqs"/>
  <File Type="ROUTE-RQS-RPT" Name="route_report_qor_suggestions_0.rpt"/>
  <File Type="POSTROUTE-PHYSOPT-RQS-RPT" Name="postroute_physopt_report_qor_suggestions_0.rpt"/>
  <FileSet Name="sources" Type="DesignSrcs" RelSrcDir="$PSRCDIR/sources_1" RelGenDir="$PGENDIR/sources_1">
    <Filter Type="Srcs"/>
    <File Path="$PSRCDIR/sources_1/new/CE_1Hz.vhd">
      <FileInfo>
        <Attr Name="UsedIn" Val="synthesis"/>
        <Attr Name="UsedIn" Val="simulation"/>
      </FileInfo>
    </File>
    <File Path="$PSRCDIR/sources_1/new/CE_25MHz.vhd">
      <FileInfo>
        <Attr Name="UsedIn" Val="synthesis"/>
        <Attr Name="UsedIn" Val="simulation"/>
      </FileInfo>
    </File>
    <File Path="$PSRCDIR/sources_1/new/CE_3kHz.vhd">
      <FileInfo>
        <Attr Name="UsedIn" Val="synthesis"/>
        <Attr Name="UsedIn" Val="simulation"/>
      </FileInfo>
    </File>
    <File Path="$PSRCDIR/sources_1/new/FSM.vhd">
      <FileInfo>
        <Attr Name="UsedIn" Val="synthesis"/>
        <Attr Name="UsedIn" Val="simulation"/>
      </FileInfo>
    </File>
    <File Path="$PSRCDIR/sources_1/new/chiffre_7segments.vhd">
      <FileInfo>
        <Attr Name="UsedIn" Val="synthesis"/>
        <Attr Name="UsedIn" Val="simulation"/>
      </FileInfo>
    </File>
    <File Path="$PSRCDIR/sources_1/new/comparateur.vhd">
      <FileInfo>
        <Attr Name="UsedIn" Val="synthesis"/>
        <Attr Name="UsedIn" Val="simulation"/>
      </FileInfo>
    </File>
    <File Path="$PSRCDIR/sources_1/new/compteur_mod4.vhd">
      <FileInfo>
        <Attr Name="UsedIn" Val="synthesis"/>
        <Attr Name="UsedIn" Val="simulation"/>
      </FileInfo>
    </File>
    <File Path="$PSRCDIR/sources_1/new/compteur_mod50.vhd">
      <FileInfo>
        <Attr Name="UsedIn" Val="synthesis"/>
        <Attr Name="UsedIn" Val="simulation"/>
      </FileInfo>
    </File>
    <File Path="$PSRCDIR/sources_1/new/compteur_mod6.vhd">
      <FileInfo>
        <Attr Name="UsedIn" Val="synthesis"/>
        <Attr Name="UsedIn" Val="simulation"/>
      </FileInfo>
    </File>
    <File Path="$PSRCDIR/sources_1/new/compteur_mod6_tirage.vhd">
      <FileInfo>
        <Attr Name="UsedIn" Val="synthesis"/>
        <Attr Name="UsedIn" Val="simulation"/>
      </FileInfo>
    </File>
    <File Path="$PSRCDIR/sources_1/new/conv_b2_b10.vhd">
      <FileInfo>
        <Attr Name="UsedIn" Val="synthesis"/>
        <Attr Name="UsedIn" Val="simulation"/>
      </FileInfo>
    </File>
    <File Path="$PSRCDIR/sources_1/new/increment.vhd">
      <FileInfo>
        <Attr Name="UsedIn" Val="synthesis"/>
        <Attr Name="UsedIn" Val="simulation"/>
      </FileInfo>
    </File>
    <File Path="$PSRCDIR/sources_1/new/mem.vhd">
      <FileInfo>
        <Attr Name="UsedIn" Val="synthesis"/>
        <Attr Name="UsedIn" Val="simulation"/>
      </FileInfo>
    </File>
    <File Path="$PSRCDIR/sources_1/new/mux4_4.vhd">
      <FileInfo>
        <Attr Name="UsedIn" Val="synthesis"/>
        <Attr Name="UsedIn" Val="simulation"/>
      </FileInfo>
    </File>
    <File Path="$PSRCDIR/sources_1/new/mux4_7.vhd">
      <FileInfo>
        <Attr Name="UsedIn" Val="synthesis"/>
        <Attr Name="UsedIn" Val="simulation"/>
      </FileInfo>
    </File>
    <File Path="$PSRCDIR/sources_1/new/mux6.vhd">
      <FileInfo>
        <Attr Name="UsedIn" Val="synthesis"/>
        <Attr Name="UsedIn" Val="simulation"/>
      </FileInfo>
    </File>
    <File Path="$PSRCDIR/sources_1/new/top_lvl_tirage.vhd">
      <FileInfo>
        <Attr Name="UsedIn" Val="synthesis"/>
        <Attr Name="UsedIn" Val="simulation"/>
      </FileInfo>
    </File>
    <File Path="$PSRCDIR/sources_1/new/top_lvl_aff.vhd">
      <FileInfo>
        <Attr Name="UsedIn" Val="synthesis"/>
        <Attr Name="UsedIn" Val="simulation"/>
      </FileInfo>
    </File>
    <Config>
      <Option Name="DesignMode" Val="RTL"/>
      <Option Name="TopModule" Val="top_lvl_aff"/>
    </Config>
  </FileSet>
  <FileSet Name="constrs_in" Type="Constrs" RelSrcDir="$PSRCDIR/constrs_1">
    <Filter Type="Constrs"/>
    <File Path="$PSRCDIR/constrs_1/imports/Téléchargements/Nexys-A7-50T-Master.xdc">
      <FileInfo>
        <Attr Name="ImportPath" Val="$PPRDIR/../../../../Téléchargements/Nexys-A7-50T-Master.xdc"/>
        <Attr Name="ImportTime" Val="1744898385"/>
        <Attr Name="UsedIn" Val="synthesis"/>
        <Attr Name="UsedIn" Val="implementation"/>
      </FileInfo>
    </File>
    <Config>
      <Option Name="ConstrsType" Val="XDC"/>
    </Config>
  </FileSet>
  <FileSet Name="utils" Type="Utils" RelSrcDir="$PSRCDIR/utils_1">
    <Filter Type="Utils"/>
    <File Path="$PSRCDIR/utils_1/imports/synth_1/CE_25MHz.dcp">
      <FileInfo>
        <Attr Name="UsedIn" Val="synthesis"/>
        <Attr Name="UsedIn" Val="implementation"/>
        <Attr Name="UsedInSteps" Val="synth_1"/>
        <Attr Name="AutoDcp" Val="1"/>
      </FileInfo>
    </File>
    <Config>
      <Option Name="TopAutoSet" Val="TRUE"/>
    </Config>
  </FileSet>
  <Strategy Version="1" Minor="2">
    <StratHandle Name="Vivado Implementation Defaults" Flow="Vivado Implementation 2022"/>
    <Step Id="init_design"/>
    <Step Id="opt_design"/>
    <Step Id="power_opt_design"/>
    <Step Id="place_design"/>
    <Step Id="post_place_power_opt_design"/>
    <Step Id="phys_opt_design"/>
    <Step Id="route_design"/>
    <Step Id="post_route_phys_opt_design"/>
    <Step Id="write_bitstream"/>
    <Step Id="write_device_image"/>
  </Strategy>
</GenRun>
